{"cameraMode":{"drawMode":0,"name":"Shaded","section":"Shading Mode"},"sceneLighting":false,"audioPlay":false,"sceneViewState":{"showFog":true,"showMaterialUpdate":false,"showSkybox":false,"showFlares":true,"showImageEffects":true,"showParticleSystems":true},"in2DMode":false,"pivot":{"x":-12.46457290649414,"y":-10.895624160766602,"z":-8.387451171875},"rotation":{"x":-0.12871284782886506,"y":0.8562958836555481,"z":-0.2567509710788727,"w":-0.42927420139312746},"size":15.717940330505371,"orthographic":false}