{"cameraMode":{"drawMode":0,"name":"Shaded","section":"Shading Mode"},"sceneLighting":false,"audioPlay":false,"sceneViewState":{"showFog":true,"showMaterialUpdate":false,"showSkybox":false,"showFlares":true,"showImageEffects":true,"showParticleSystems":true},"in2DMode":false,"pivot":{"x":-2.7433676719665529,"y":-34.2757682800293,"z":-80.4709243774414},"rotation":{"x":-0.0044590868055820469,"y":0.9818568825721741,"z":-0.1881277710199356,"w":-0.023273376747965814},"size":56.6639289855957,"orthographic":false}